stationName,dow,06시이전,06~07시,07~08시,08~09시,09~10시,10~11시,11~12시,12~13시,13~14시,14~15시,15~16시,16~17시,17~18시,18~19시,19~20시,20~21시,21~22시,22~23시,23~24시,24시이후
시청,MON,73.56,313.67,1174.44,3901.89,2928.67,5184.22,2333.33,1022.67,921.67,849.89,795.22,683.44,649.33,633.56,526.33,486.78,301.56,248.67,194.67,114.89
시청,TUE,78.33,371.22,1550.56,5135.33,3422.67,5347.78,2421.33,1048.22,1023.78,936.67,916.89,846.44,885.44,800.78,593.33,532.11,329.78,247.33,180.78,128.56
시청,WED,82.5,400.25,1684.38,5667.63,3734.25,5909.63,2545.13,1128.5,1008.25,909.5,859.5,779.88,764.25,816,660.25,603.5,357.25,252.88,203.5,149.75
시청,THU,72.88,397,1634.13,5543.13,3438.75,4672.75,2164,1032.5,989.63,879.25,851.13,779.38,755.88,802.5,611.38,559.5,357,253.75,201.38,161.13
시청,FRI,73.89,346.11,1404.89,4870.78,3206.67,5209.78,2234.22,1025.67,1004.56,909.78,942.11,842.33,917.89,1005.22,793.78,701.22,434.56,286.33,253.22,205.44
시청,SAT,45.22,158.78,204.11,435.67,590.67,726.78,906.67,970.89,1115,1114.78,1193.11,1168.11,1159.22,962.11,798.78,508.33,358.11,280.78,252.22,178
시청,SUN,28.89,168.11,223.22,268.11,402.67,543.22,697.56,698.22,807,787,743.22,665.67,570.33,418.67,352.67,284.22,248.44,226.33,182,100.44
을지로입구,MON,95.78,478.44,2229.78,6120.22,5395.89,8716.22,4267.44,2478.11,2098.44,1835.89,1795.44,1739.44,1822.44,1885.67,1617.44,1495.22,1025.78,737.44,516.67,354.33
을지로입구,TUE,107.33,577.78,2857.22,8039.11,6191.56,8872.89,4417.78,2477.56,2182.33,1831.67,1871.22,1850.78,1948.44,2072.33,1723.56,1545.22,1025.67,724.56,514.11,362.78
을지로입구,WED,105.13,605.13,3121.63,8829.5,6555.5,9529.13,4487.75,2592,2145.5,1892.63,1903.38,1817.5,1979,2163.13,1847.5,1638,1093.75,743.5,540.63,389.75
을지로입구,THU,98.13,586.63,3070.13,8605.25,6070.38,7710.13,3975.88,2424.88,2058.25,1855.63,1884.75,1787.63,1977.88,2266,1740.75,1562.13,1112.88,791.75,582.5,447.5
을지로입구,FRI,93.11,510.33,2640.44,7361.78,5534.56,8302.56,4183.11,2497.11,2175.44,2042.11,1960.67,1992.33,2197.89,2483,2150,1956.11,1365.78,872.11,733.67,531.22
을지로입구,SAT,74.89,210.56,367,951.89,1509.56,1899.56,2562.56,2464.44,2549.67,2388.11,2413.33,2419.44,2359.22,2198,1932.11,1523.89,1216.78,971.67,790,584.78
을지로입구,SUN,77.78,222,331.89,810.22,1300.44,1633.56,2059.89,2036.56,2009.56,1890.56,1923.78,1877,1823.56,1581.33,1362.33,1146.22,909.67,744.56,561.22,370.56
을지로3가,MON,63.22,305.22,1240.11,3285.67,2564.78,4303.67,1855.11,928.89,846.56,791,796.11,813.44,886.78,982.56,815.33,806.11,548.33,383,284.78,171.67
을지로3가,TUE,64.33,368.56,1558.33,4255.33,2987,4415.22,1926.78,989.11,901.22,771,802.44,804.56,894.22,1056.11,869.89,869.11,555.33,385.11,299.67,203.22
을지로3가,WED,63.89,384.88,1731.63,4629.63,3356,4921.88,2080.38,1140.88,949.63,863.38,849.25,848.75,881.25,1110.63,950,916.5,615.13,411.63,296.63,208.25
을지로3가,THU,55.22,381.63,1632.63,4517.75,3032.88,3813.88,1728,908.13,860.38,773.25,819.75,793.13,936.25,1175.13,958.88,910.13,645.63,454.38,320.88,253.5
을지로3가,FRI,64.78,347.56,1422.89,3938,2830.56,4211.78,1803.89,1025.33,910.67,812.44,875.22,909.44,1052.11,1395.33,1331.56,1327.22,944.67,574.11,448.11,310.22
을지로3가,SAT,47.89,150.11,206.33,412.22,495.89,592.67,703.33,753.56,914.89,960.67,1029,1101.89,1235.11,1279.33,1237.33,996.22,782.22,598.89,468.67,278.67
을지로3가,SUN,35.33,163,158.44,530.44,570.22,814.78,901.11,799.22,983.22,855.56,890.89,870.89,882.89,815.33,697.56,577.89,462.56,420.11,301.78,129.89
을지로4가,MON,50.22,246.56,639.11,1615.22,1381.22,2143.44,1277.44,906.33,824.67,737.78,692.33,653.89,609.89,575.89,450.11,427.11,327.33,271.44,198.11,129.11
을지로4가,TUE,52.67,275.22,779.67,1983.78,1605.44,2162.56,1293.56,910.33,829.78,759.56,671.78,651.11,592.44,598.78,491.11,471.89,329,261.89,199.33,140.22
을지로4가,WED,48.44,277.13,843.38,2119.75,1709.13,2371,1335.63,889.75,826,732.75,689.88,626,634.75,625.88,513.75,483,334.38,255,190.13,150.75
을지로4가,THU,42.78,284.25,829.75,2069.38,1545.13,1925,1130,823.75,812.88,731.75,671.38,622,601.5,646.75,515.25,449.5,356.88,250.88,200.25,167.5
을지로4가,FRI,51.44,252.44,720.33,1896.22,1496.44,2062.67,1195.22,864.11,830.56,745.33,712.44,694.33,677.11,748.67,602.78,580,438.11,316.56,263.78,213.67
을지로4가,SAT,35.67,142.33,181.44,428.22,472.33,640.22,709.89,811.22,851.22,838.44,833,792.33,757.44,686.33,599.56,487.56,368.67,315.11,277.56,166.67
을지로4가,SUN,17.78,59.33,72,158.89,211.78,329.78,411.33,479.44,552.11,540.44,505.33,486.56,450.11,431.22,353.11,313.11,291.11,249.78,211.44,107.78
동대문역사문화공원,MON,53.44,177,463.22,1076.44,1015.44,1615.44,1128.44,1020.67,971,903.33,888.22,888.22,904.22,946.56,1072.78,1035.44,946.22,687.89,482.56,274.78
동대문역사문화공원,TUE,52.33,194,518.11,1271.78,1121.89,1670.56,1125.44,989.33,973.11,931.89,887.33,901.44,928.89,1023.11,1128.67,1069.56,912,686.33,465.44,293.22
동대문역사문화공원,WED,47.22,198.63,539,1370.13,1187.75,1692.13,1164.25,1038,944.88,942.5,889.88,931.38,984,1096.5,1168.88,1087.5,921.25,691.5,490.38,323.38
동대문역사문화공원,THU,47.56,186.38,521.25,1301.88,1103.25,1456.5,1083.75,995.63,966.5,938,907,907.38,995.75,1150.75,1199.13,1092.38,1010.75,793.63,533.5,386.25
동대문역사문화공원,FRI,52.44,175.67,445.89,1154.22,1080.33,1566.44,1113.89,1057.44,987.44,1008.44,986.33,1038,1053.67,1196.89,1101.78,1154.33,972,759.67,567,457.33
동대문역사문화공원,SAT,37.67,100.33,174.44,409.78,543.11,867.89,917.56,1132.11,1270.56,1304.89,1293.67,1245.44,1256.44,1193.33,1117.56,1067.78,989.89,878,657.11,388
동대문역사문화공원,SUN,34.67,93.33,139,291.78,566.22,708.44,871.33,1025.67,1075.44,1070.11,1034.67,1025,985,962.22,1009.78,974.56,1059.33,843.78,562,245
신당,MON,41.22,166.78,310.78,722.11,683.22,908.33,746.67,659,695,670.11,755.11,809.33,1038.33,1315,1181,1369.44,940.89,667.11,503.89,328
신당,TUE,45.67,174.22,361.11,792.33,762.78,923.78,765.78,675.22,685.44,692.11,753.78,882.67,1068.89,1514.56,1355.11,1474.33,1019.89,710,523,381.22
신당,WED,37,168.63,354.25,849.63,783.63,987.63,781.88,636.75,668.75,708.63,805.75,912.75,1146.75,1663.5,1458.75,1521.38,1055.38,716.25,540.13,411.75
신당,THU,39.89,170.13,363.38,826.25,730,858.13,674.38,639.25,661.13,689,738.13,862.13,1101.38,1622.13,1345.75,1378.88,954.5,742.25,509.13,418.88
신당,FRI,39.33,157.89,323.89,751.44,707.11,896,727,660.11,693.44,751.67,813.44,915.56,1157.78,1630.44,1472.22,1591.67,1083.89,760.22,571.56,471.44
신당,SAT,35.22,105.44,160.67,384.67,455.11,584.89,669.22,728,856.67,914.89,960.78,985.56,1104.11,1154.67,1106.89,923.33,757.89,657.33,564,341.11
신당,SUN,30.56,73.56,108.89,245.67,328.33,421.56,516.78,648.89,705.89,736.22,776.11,803.22,841.89,829.67,733,659.89,587.89,495.67,402.11,196.89
상왕십리,MON,29.89,100.11,240.22,657.44,551.78,832,544.22,470,471.11,538.11,620.56,709.67,965.89,1393.22,1247,1499.78,1087.22,746.11,562.56,362.11
상왕십리,TUE,27.33,109.89,280.22,751,621.56,865.33,546.67,482.44,496.67,554.11,662.56,758.56,1010.56,1540.56,1400.67,1548.89,1129.78,811.78,615.56,430.56
상왕십리,WED,22.44,112.38,291.63,792.13,655.13,914.38,573,509.25,514.5,595,677.5,810,1133.88,1713.38,1489,1619.13,1107.63,805.25,625.25,467.38
상왕십리,THU,24.22,109.88,288.13,799.63,588.25,774.5,527.75,448.88,483.88,523.5,647.5,743.63,999.13,1651.25,1346,1411.13,1015.38,795.5,608.63,457.38
상왕십리,FRI,25.78,101.11,264.89,704.78,593.67,841.11,560.78,474.56,514.56,557.78,673,766.67,1036.78,1494.67,1318.33,1452.67,1019.78,776.44,635.78,518.89
상왕십리,SAT,25.67,73.56,111.67,278.78,331.22,399.78,468.67,467.11,486.56,578.56,584.22,670.67,740,770.78,796.89,689,672.11,610.44,550.56,364.22
상왕십리,SUN,25.44,66.89,83.56,169.56,248.33,335.33,326.22,380.56,374.22,438.11,472.22,557.56,626.44,627.56,636.33,581.56,568.78,492.89,435.67,207.44
왕십리,MON,38.78,149,248,598.44,583.33,797.22,623.67,561.11,567.11,597,633.44,679.22,893.22,1267.22,1068.44,1336.89,842.33,616.78,476.89,329.56
왕십리,TUE,41.33,163.78,297.67,705.22,648.44,820.11,618.89,546.89,564.11,616.11,618.67,713.78,896.11,1409.22,1160.67,1339.78,933,657.33,482.89,379.78
왕십리,WED,36.67,157.25,318.88,762.75,700.63,890.5,633.75,568.88,569.25,626.75,669.13,730,1042.38,1534.13,1332.25,1450.88,929.63,675.13,500.75,431.75
왕십리,THU,33.67,148.25,322.38,755.13,637.5,764.75,589.75,504,547.75,564.88,642.38,696.75,935.25,1504.75,1164.25,1314.75,888.25,671.63,512.38,435
왕십리,FRI,40.89,142.22,277.78,673.89,605.78,827,557,534.78,566.33,612.78,656.78,767.44,1056,1580,1368.89,1550.44,1114,759,613,511.67
왕십리,SAT,34.89,110.89,119.56,332.44,332.11,480,562.78,674,741.67,770.89,829.89,929,953.11,1052.67,1032.56,952.44,790.11,697.89,610.89,392.78
왕십리,SUN,27.44,86,85,188.67,246.89,324.56,424,457.89,564.67,560.67,641,685.11,770.56,807,750.78,713.11,606.22,537.44,466.11,214.67
한양대,MON,17.89,121.22,254.89,1249.78,1262.22,2337.78,1799.89,1763,841.78,1238.22,805.56,623.22,507.67,519.44,454.78,504.89,278.67,202.33,161.56,100.44
한양대,TUE,18.11,145.78,312.78,1595,1614.11,2829.78,1842.67,2030.11,917.67,1172.89,853.78,629.33,557.11,744.44,556,609.33,305.78,216.89,165.22,124.11
한양대,WED,18.67,138.75,315.13,1791.38,1533.38,3030.75,1744,2022,944.38,1269.38,903.75,678.75,578.25,667,568.63,584.5,298.25,214.5,167.13,128.38
한양대,THU,17.33,141.63,307.13,1769.25,1652.5,2592.38,1543.63,1788.38,908.63,1086.38,758.38,621.25,565.25,611.25,483.25,501.5,274.25,217.38,168,129.13
한양대,FRI,19.67,121.67,240.89,1428.22,1261,2310.89,1370.44,1462,841.44,951.33,711.89,532,500.11,475.11,417.67,380.67,278,211.56,190.89,148.33
한양대,SAT,14.22,52.44,76.89,343.44,415,519.44,479.33,432.56,430.78,426.11,425.89,376,323.78,281.78,257.22,215.89,188.33,187.22,187.11,110.67
한양대,SUN,11.56,38,49,96,128.89,171.22,207.67,249.44,284.11,283.67,269.33,264.11,257.56,245.22,221.78,211.44,200.33,183.33,168.11,83.78
뚝섬,MON,94,294,755.22,2589.78,2349.33,3585.56,2524.22,1342.89,1096.89,1053,1089.22,1010.56,1085.22,1314.78,1044.56,1081.89,689.33,412.11,318.89,213.78
뚝섬,TUE,96.78,337.33,928.44,3359,2873.67,3784.56,2529,1276.33,1073.56,1014.33,1042.22,988.56,1150.11,1384.22,1153.44,1142.56,743,453.89,310.22,233.78
뚝섬,WED,94.44,339.13,1016.13,3705,3094.63,4010,2642.38,1345,1046.13,973.75,997.13,1001.5,1162.63,1535.5,1222.13,1207.75,715.63,469,347,256.38
뚝섬,THU,82.11,331.63,980.38,3556.63,2944,3327,2175,1220.5,1065,981.88,1018.25,1031.13,1140.38,1503.88,1177.38,1108.88,671.25,472,340.63,258.5
뚝섬,FRI,92.89,297.78,857.44,3095.78,2685,3535.89,2362.11,1383.22,1130.67,1131,1168.44,1238.33,1376.33,1769.11,1427,1347.44,852.22,505.89,394.67,291.44
뚝섬,SAT,54.33,169.89,167.11,455.56,577.44,843.56,1101,1423.44,1634.56,1745.11,1767.78,1655.22,1597.44,1353.78,1151.78,857.33,594.22,441.78,337,221.67
뚝섬,SUN,30.11,106.89,118.67,361.89,420.78,798.56,947.22,1228.89,1388.78,1426.56,1447.89,1313.33,1244.44,1008.89,798.33,552.44,431.78,315.56,257.44,116.89
성수,MON,136.89,578,1315.44,4844.11,4065.89,6779.56,4297.67,2497.11,2069.89,2000.44,2039.22,1889.67,1913.33,2009.67,1568.11,1506.67,952.44,555.56,478.67,300.22
성수,TUE,149,678.56,1598.11,6162.56,4806.89,6972.11,4211.22,2374.11,1992.78,1819.44,1836,1759.56,1872.78,2153.67,1719.56,1586.67,1024.22,597.78,430.78,344.22
성수,WED,144.33,695.63,1786.25,6841.25,5104.75,7482,4376,2437.5,1915.88,1811.25,1827.63,1773.75,1952.63,2273.88,1872.38,1725.25,1088.5,645.13,456.88,365
성수,THU,134,711.5,1656,6511.75,4957.25,6150.88,3706.5,2173.5,1962.25,1860,1873.75,1901.25,2039,2415,1897.38,1693.38,1036,614,440.63,366.63
성수,FRI,148.67,625.44,1517.11,5776.44,4405.11,6708.22,4070.11,2463.33,2191.11,2180.22,2285.11,2284,2527.89,2913.56,2323.78,2126.33,1361.33,724.78,520.22,428.11
성수,SAT,62.89,317.89,302.67,790.56,1023.89,1581.11,1973.89,2508.89,3006.22,3305,3400,3294.67,3147.67,2722.22,2147.67,1506.33,974,630.78,557.67,385.89
성수,SUN,39,193.89,210.44,439.56,728.44,1300.56,1792.33,2253.11,2588.44,2770.22,2745.67,2560,2372.78,1861.44,1380.33,943.33,643.56,415.89,447.44,207.44
건대입구,MON,71.67,268.33,472.33,1313.44,1361,2049.22,1749.89,1673.56,1710.33,1679.67,1830.89,2063.22,2596.78,3445.78,3162.56,3621,2725.56,1739.44,1351.22,888.56
건대입구,TUE,69.11,300,559.78,1584.78,1560.67,2162.78,1787.11,1624.56,1595.33,1551,1732.89,1935.33,2524.67,3793.67,3380.44,3704.11,2809.11,1890.22,1391.44,995.22
건대입구,WED,66.56,307.5,578.75,1740,1567.38,2239,1761.63,1590.38,1569.88,1635,1791.25,1967.38,2599,4034.88,3569.5,3839.13,2779.88,1899.75,1408.13,1118.63
건대입구,THU,59,302.63,560.25,1677.5,1506.13,1959.38,1576.38,1497.38,1541.13,1547.63,1766.5,1964,2592.38,4002.63,3431,3614,2620.5,1974.75,1474.63,1128.63
건대입구,FRI,66.78,266.33,502.78,1465.44,1366.44,1884.44,1591.44,1458.33,1597.33,1694.22,1944.11,2209.78,3012.33,4618.89,4196.56,4527.89,3437.56,2372.78,1839.11,1409.22
건대입구,SAT,48.56,186.11,216.78,571.22,800.44,1081.22,1606.89,1941.89,2373.89,2513.89,2723.67,2961.67,3231.78,3534.67,3428.89,3216.67,2625,2219.11,1817.44,1083.56
건대입구,SUN,41.67,167.89,165.78,356.44,499.22,776.22,1182.22,1536.56,1917.22,1996.11,2157.33,2392,2624.78,2729,2461.56,2253.78,1897.56,1595.67,1283.67,688.33
구의,MON,56.22,386.56,328.89,1050.67,762.11,1166.78,818.67,752,789.67,815.67,1058.33,1134.33,1616.33,2302.44,2161.33,2585,1989.44,1406.56,1047.78,695.89
구의,TUE,61.33,415.89,382.67,1234.89,831.44,1222.67,823.11,787.67,781.11,846.33,1050,1255,1649.22,2668.33,2381,2698.33,2102.67,1554.89,1110.78,812.78
구의,WED,58.56,426.88,401,1327.63,843.88,1299.63,847.88,749.25,802.25,904.63,1127.75,1259.75,1751.5,2922.5,2574.75,2730.38,2105.88,1572.88,1159.25,863
구의,THU,54.89,436.5,393.75,1266,794.5,1083.13,771.5,722.5,770.75,836.75,1054.38,1194,1664.13,2673.88,2397.5,2474.25,1933.5,1489.63,1139.13,843.38
구의,FRI,62.33,387.33,346.44,1187.33,744.89,1181.33,775.22,721.56,799.44,889,1049.78,1255.11,1715.44,2556.22,2328.78,2505.22,2032.44,1487.22,1205.22,942.78
구의,SAT,39,325.22,167.78,564.67,417,535.89,641,718.22,833.22,894.78,1050.78,1132.89,1320.22,1407.56,1366.56,1388.89,1231,1140.78,1050.11,611.78
구의,SUN,23.67,132.33,107.44,253.56,283.44,348.44,419.33,522.78,615,715.11,841.89,939.11,1085,1138.78,1118.78,1069.56,1064.56,928.67,763.22,367.67
강변,MON,79.22,498.33,523.33,1186.56,1056.89,1418.11,1195.22,1194.44,1205.56,1309.67,1579.78,1699.44,2113.22,2740.67,2522.11,2845.22,2048.33,1467.89,984.67,662.44
강변,TUE,74.11,431.11,497.89,1113.56,996,1263.11,1050.67,1102.78,1095.33,1252.67,1485.78,1686.78,2184.89,2954,2660.78,2839.44,2098.33,1522.22,1057.78,804.33
강변,WED,64.78,404.75,502.25,1183.5,1017.25,1353.25,1114.38,1155.25,1204.38,1375.63,1606.5,1808.38,2312.88,3346.88,2985.25,3121.75,2189.75,1661.25,1168.75,874.25
강변,THU,70.33,373.13,488.5,1241.38,1095.38,1416.13,1222,1282.13,1278.63,1397.25,1600.63,1775.88,2293.63,3159.13,2702.88,2739.13,2030.13,1651.25,1137.25,837.13
강변,FRI,79.11,328.89,420.44,1192.11,1058.89,1409.44,1207.44,1296,1396.56,1616.89,1880.44,2180.11,2684.89,3470.89,3134.67,3156,2335.67,1691.78,1309.11,980.33
강변,SAT,91.78,517,594.78,1258.56,1285.89,1524,1590,1689.33,1786.44,1861.44,2015.44,2095.22,2209.33,2158.78,2080.33,1886.67,1651.44,1440.56,1143,700
강변,SUN,73.67,412.22,402.89,770.67,750.33,942.89,1005.78,1201.11,1335.11,1518.89,1765.89,1976.22,2141,2154.22,2039.67,1801.78,1432.33,1131.11,769,374
잠실나루,MON,105.89,296.22,482,1004.33,974.56,1217.33,870.33,757.89,710.67,722.89,787.78,738.11,867,1090.22,1045.11,1148.56,894.89,631.11,458.22,323.11
잠실나루,TUE,113.67,305.67,542.67,1149.44,1078.89,1249.22,865.78,793.44,805.11,799.44,772,810.11,904,1228.11,1180,1154.56,927.67,668.67,505.44,370
잠실나루,WED,95.22,315.25,584,1292.13,1127.63,1318.75,899.75,839.75,794,780.25,821.63,798.75,979.75,1351.25,1295,1216.25,955.75,686.5,487.25,379.75
잠실나루,THU,102,293.5,578,1181,1016.63,1113.5,802.88,747.5,690.63,735.25,739.63,741.75,913.5,1198.25,1133.5,1061.5,864.25,693,506.13,380.75
잠실나루,FRI,104.56,274.11,502.89,1081.67,948.78,1173.56,782.33,708.78,697.78,740.67,781.33,803.89,929.67,1189.78,1109.44,1126.33,860.22,650,483.89,407.56
잠실나루,SAT,82.44,174,161.56,375.56,319.89,354.89,388.22,432.56,480.33,493.56,562.11,612.56,653.44,626,613.44,570.33,459.56,443.56,391.56,264.56
잠실나루,SUN,34.33,78.44,93.22,205.22,199.67,239.56,287.44,307.11,376.11,387.33,459.67,507,548.33,545.78,494.67,422.56,379.33,336.11,255.56,129.89
잠실,MON,181.78,645.11,1519.56,3594.33,4452.44,5502.11,4780.11,3791.22,3518.33,3477.67,3529.56,3753.89,4747.67,5701.22,5239.78,5804.89,4178.33,2977.78,1993.11,1334.67
잠실,TUE,194.44,712.33,1793.67,4221.33,4725,5618.22,4687.22,3596.78,3381.89,3214.89,3421.78,3785.44,4931.56,6666.22,5866.44,6021.78,4550.22,3072.44,2242.33,1472.44
잠실,WED,177.11,691.25,1905.5,4579.5,4932,5701.13,4728.13,3620.88,3479.13,3365.25,3501.5,4071.25,5293.25,7144.13,6444.25,6404.13,4450.38,3186.25,2347.88,1701
잠실,THU,154.22,687.63,1854.5,4664.13,4922.75,5057.25,4502.25,3516.13,3422.5,3378.63,3726.38,3904.38,5156,6860.63,6009.38,5856.38,4205.13,3243.25,2413.13,1650.25
잠실,FRI,174.44,623.56,1671.44,4406.89,4832.67,5290.11,4936.44,3858.78,3848.56,3921.78,4222.89,4583,5610.89,7465.44,6549.22,6634.89,4632.78,3392.56,2616.22,2005.56
잠실,SAT,132,759.78,925.33,1813.89,2689.56,3303.22,4608.56,4854.33,5587.67,5564.22,5991.22,5998.11,6013.56,5364.11,4786.22,4128.67,3249.33,2866.44,2327.33,1466.56
잠실,SUN,106.56,483.56,641.44,1425.33,2386.56,2872.67,3723.78,3919.78,4450.33,4426.67,4504.56,4626.22,4412.33,3929,3447,2840.22,2404.67,1948.56,1473,728.44
잠실새내,MON,34.78,152.89,314.56,636.11,864.33,950.67,1023.78,949.44,985.78,1043.11,1210.78,1349.67,1774,2197.44,2000.33,2230,1658,1054.44,786.44,531.11
잠실새내,TUE,33,186.44,347.22,711.67,904.22,956.33,987,922.67,989,1098.78,1211,1465.89,1852,2515.89,2367.44,2329.11,1820.67,1188.11,837.44,587.89
잠실새내,WED,29.89,168.75,377.63,768.75,914,1009.5,977.75,913.25,1018.13,1142.75,1283.13,1529.38,2010,2773.25,2498.38,2485.5,1765.5,1253.63,858.63,658.75
잠실새내,THU,31.22,165.13,384.5,737.5,899,893.38,911.38,850.75,948.75,1052.63,1199,1438,1887.25,2578.13,2243.25,2198.63,1594.75,1236.88,854.25,655.5
잠실새내,FRI,35.44,148.11,338.56,729.44,900.22,950.11,998,923.44,1003.78,1163.56,1350.11,1578.89,2009.11,2693.33,2561.22,2480.89,1837.67,1263.33,926.56,780.11
잠실새내,SAT,30,130.67,172.56,534.33,701,746.22,1043.89,1056.89,1229.22,1484.11,1507.33,1530,1732,1736,1630.22,1380.33,1168.56,986.33,786.22,513.78
잠실새내,SUN,20.67,84.33,97.56,199.44,363,401.67,624.56,808.33,902.22,1014,1028,1124.89,1193.44,1298,1124.22,1019.89,845.33,670.78,555.11,248.78
종합운동장,MON,28.11,205.33,367.11,719.22,626.11,751.89,476.56,938.44,1528.89,517.33,372.44,442.67,914.44,1144.78,653.44,662.11,502.89,358.56,279,192.56
종합운동장,TUE,26.11,198.56,486.56,839,682.89,817.22,441.67,538.89,769.22,404,411.78,520.56,1052.67,1460.44,1727.78,1727.33,672.56,403.67,310.67,224
종합운동장,WED,25.89,184.13,486.25,832.5,599.13,769.5,345.75,366.63,311.88,372.63,446.75,591.38,711.63,1072.38,1730.25,1715.25,699.5,412,332,240.5
종합운동장,THU,23.22,163.5,452.25,843.5,552.13,717.5,343.38,311,276,341.5,426.25,574.25,1123.38,1878.75,1710.88,1648.25,653.63,415.88,344.88,241.13
종합운동장,FRI,27.33,173.22,428.11,742.89,540.78,719.67,387.56,388.44,379.11,687.78,1178.11,989.11,1830.78,2291.56,2326.89,2100.22,808,427.44,319.11,296.44
종합운동장,SAT,30.22,317,392.11,531.33,436.44,448.44,425.22,530.67,670.56,1668,3100.33,2372.78,1568,2360.89,984.11,465.89,342.22,321,268.33,162.11
종합운동장,SUN,41,183.78,204.89,377.33,422.56,569.67,742.56,1666.89,2960.67,1777,2698.33,930.44,665.67,638.67,489.67,404,250.78,216.44,173.78,90
삼성,MON,193.33,748.67,2539.56,6448.56,6858.22,8927.44,6071.67,2827,2182.56,1943.22,1909,1625.22,1708.22,1623.56,1381.11,1264.11,819.78,476.22,320.22,265.22
삼성,TUE,214.44,876.89,3168.11,8311.89,8379.22,9313.44,6626.56,3146.67,2451.11,2023.44,1982.89,1786.44,1815.11,1811.44,1502.78,1450,900.11,473.78,335.89,261.11
삼성,WED,210.67,940.75,3497.5,9235.13,9076.63,10174.75,6651.13,3388.38,2549.38,2282.63,2129.13,1956.5,2052.25,2199.38,1870.25,1669.88,959.75,507.63,346.63,271.13
삼성,THU,190.22,911.75,3358.63,8663,8855.88,8604.63,6118.75,3088.75,2654.25,2239.13,2178,1878.5,1945.88,2059.63,1669.13,1396.88,850,523.25,371.63,269.25
삼성,FRI,203.56,793.22,2927.56,7626.89,7508.56,8900.89,6167.78,3262.11,2877.11,2521.33,2456.89,2247.44,2266.11,2211.33,1936.44,1636.67,986.78,567.78,398.56,316.22
삼성,SAT,81.56,398.33,536.33,1260.89,1780.78,2335.78,2909.78,2941.56,3159.89,3135.11,2861.11,2900.33,2469.56,2009.22,1510.11,1006.22,682.67,474.44,355.89,334
삼성,SUN,50.33,291.11,387.11,1030.56,1409.67,2115.44,2510.11,2423.78,2692.22,2410.44,2144.89,2049.89,1549.78,1283.33,958.67,696.33,485.33,346.33,256.44,228.78
선릉,MON,233.44,726.78,2163.89,5376.89,6319.11,7787.89,5747.78,3076.56,2291.78,1908.78,1990,1718.78,1735.11,1726,1502.56,1397.78,965.89,647.33,465,302.33
선릉,TUE,255.56,881,2669.89,6865.22,7222.67,8092.11,5961,3249.33,2503.56,2121.78,2096.22,1831.33,1926.89,2009,1679.11,1524.22,1032.11,664.56,480.22,366.67
선릉,WED,251,953.25,2967.63,7542.5,7925,8654.38,5973.38,3601.13,2553.75,2158.25,2166.25,1932.25,2022.75,2130.63,1813.75,1631.13,1053.13,690.25,515.13,405.25
선릉,THU,223.78,936.75,2799,7126.13,7405.88,7265.63,5338.5,2952.38,2408.38,2037,2053.25,1806.63,1936.25,2122.5,1730.25,1511.5,996,685.5,539.13,397.63
선릉,FRI,250.33,832.56,2543,6455.44,6486.78,7497.89,5469.56,2994.89,2326.44,2060.56,2131.11,1845.22,2046.44,2204.33,1872.33,1669.89,1100.78,750.67,566.67,486
선릉,SAT,100.22,448.22,475.22,1120.67,1433.11,1733.22,1952,2067.11,2022.33,1910.33,1883.67,1570.78,1433.33,1311.22,1133.89,862.11,712.44,608.89,496.11,346.22
선릉,SUN,50.78,209.56,217.78,514.33,703,847.67,1027.78,1028.11,1055.11,1066.22,988.33,944,891.11,797.56,742.22,625.11,571,471.22,346.44,213
역삼,MON,221.33,722.11,2646.22,6847,8189.89,9977.89,7425.56,3482.56,2150.44,1766.44,1792.44,1480.44,1531.11,1614,1404,1414.67,984,662.78,432.11,275.33
역삼,TUE,244,875.56,3371.22,8871.33,9754.89,10636,7826.67,3798,2400.33,1966.33,1980.33,1651.22,1705.22,1898.78,1602.33,1533.78,1016.89,672.44,459.44,307.44
역삼,WED,251.44,933.5,3767.88,9813.5,10609.13,11544.25,7830.5,4379.75,2457.88,2106.5,2012.88,1744.88,1746.25,2078.5,1686.63,1665.25,1073.13,688.75,491,358.13
역삼,THU,209.44,942,3546.25,9152,10234.38,9469.38,6852.63,3350.63,2330.5,1900.25,1839.63,1684.38,1750.88,1981.63,1639.25,1476.88,977.75,668.13,493,339.75
역삼,FRI,262.11,765.89,3061.78,8165.78,8467.67,9563.22,6845.33,3181.89,2207.78,1807.22,1845.33,1669.11,1772.78,2088.33,1851.78,1747.44,1145.22,728.33,536.67,419.89
역삼,SAT,100.78,279.89,384.33,848.44,1147.67,1383.56,1703.44,1676.56,1687.33,1652.89,1474,1432.67,1332.11,1178.89,1061.78,902.67,686.11,569,500.78,297.33
역삼,SUN,61.22,175.67,261.44,523.78,725.44,1016.89,975.44,1177.33,1028.33,1028.56,960.11,913.78,847,746,695,612.89,539.22,469.78,386,175.44
강남,MON,385.33,959.22,2803.11,5990.78,8213.44,8576.22,7751.56,4202.67,3430.11,2995.22,3216.78,3104.56,3565.89,4093.11,3558.89,3749.89,2304.67,1355.78,929.78,556.56
강남,TUE,379.33,1120.56,3416.33,7354.67,9364,9047.67,7736.89,4286.56,3494.33,2966,3275.78,3159.33,3622,4695.56,3925.67,4032.78,2506.56,1419.89,959.89,661.44
강남,WED,369.67,1183.63,3672.63,8040.38,10173.75,9562.38,7655.13,4679.13,3533.75,3174.75,3292.63,3405.75,3841.5,5117.38,4298,4242.38,2586.5,1508.75,1080,750.25
강남,THU,366.22,1143.5,3588.38,7479.63,9571.75,8207.75,7027.63,3904.63,3391.63,3133,3200.88,3278.25,3804.75,5009.63,4137.88,3876.88,2478.63,1561.38,1119.88,775.13
강남,FRI,421.89,999.11,3087.33,6947.67,8495.22,8520.89,7294.33,4212.56,3465.67,3255.22,3547.33,3662.11,4243.44,5808,5027,5086.22,3312.67,1916.11,1425.44,1091.33
강남,SAT,229.11,440.56,619,1844.56,3132.44,3601.22,4686.11,4263.78,4253.89,4320.78,4246.78,4015.22,3987.89,3780,3634.89,3089.33,2227.89,1791.56,1457.78,853
강남,SUN,115.56,285.44,387.56,923.56,1379,1623.33,2101.56,2342.11,2518,2642.89,2720.56,2671.44,2806.67,2680.22,2403.89,2010.89,1556.89,1147.67,848.89,404.11
교대,MON,244,437.44,1129.33,3069.22,3497,4334.89,3724.56,2104.44,1892.44,1701,1661.56,1659.33,1845.89,1962.67,1774.44,1780.67,1107.11,736.67,526.78,346.78
교대,TUE,258,506.67,1340.67,3748.89,4046.56,4592.44,3924.44,2232.78,2149.89,1872,1828.78,1809,2004.44,2258.11,1979.33,1858.11,1209.67,810,580.44,406.22
교대,WED,246.22,525.5,1437.75,4181,4316.13,5018.38,4074.63,2542.63,2189.88,2007,1947.5,1905.75,2133.25,2419.13,2158.13,1913,1208,829.75,593.63,452
교대,THU,227.44,505.88,1370.75,3909.5,4232,4231.88,3541.5,2171.25,2049.75,1848.13,1887.75,1755.25,2016.13,2304.63,1962,1766.75,1129.5,831.13,586.25,460.88
교대,FRI,248,433,1252.11,3564.78,3815.56,4363.22,3700.22,2209.56,2089,1932.67,1942.56,1843.78,2140.33,2419.78,2089.56,2028,1315.89,892.67,636.33,515.89
교대,SAT,133.56,391.89,490.89,1027,1284.22,1291.67,1600.22,1440,1563.22,1429,1369.67,1375.22,1429,1278.89,1228.22,1013.56,803.11,696.11,590.44,387
교대,SUN,88.89,209.44,287.56,490.56,666.78,697.11,817.56,788.44,893.11,891.44,922.33,949.56,956.67,936.56,826.44,743.33,611.22,514.89,412.78,219.89
서초,MON,145.56,333.33,936.89,2237.89,2476.89,3121.78,2315.22,1300.89,934.22,754.11,748,701,740.11,769.89,738.67,712.89,529.56,375.67,244.89,164.33
서초,TUE,155.33,440.78,1312.56,2856.56,2925,3373.22,2367.56,1303.33,981.33,803.89,820.56,795.67,808,875,819.44,737.22,562.56,394.89,259.11,197.11
서초,WED,140.33,411,1267.38,3107.5,3173.5,3608.5,2392.5,1592.63,923,814.5,811,753.5,854,969.75,884.5,765.75,578.75,390,276,202
서초,THU,130.22,433.38,1174.25,2962,3007.63,3006.25,2076.88,1212.63,925.25,805.25,812.63,720.5,825.25,891.13,820.5,679.63,540,401,258.63,209
서초,FRI,146.67,362.44,1082,2654,2602,3033.67,2111.78,1175.33,868,811.67,802.78,743.33,813.78,877.44,792.33,730.67,576.33,408.11,300.11,251
서초,SAT,199.11,331.89,397.56,806.33,640.44,688,872.56,678.11,858.78,771.11,788.56,816.22,695.56,594.33,580.33,478,372.56,326,283.67,182.22
서초,SUN,50.78,164.67,498,481.22,1498.22,767.11,2044.89,859.78,1424.78,1042.44,741.89,1032.33,647.67,650.89,477.56,377,333,283,227,95.33
방배,MON,100.22,205.89,509.11,1442.44,1419.11,2096.56,1515.56,1039.33,920.89,922.67,809.56,836.89,963.89,1005.22,1021.44,993.33,752.44,550.44,400.78,288.33
방배,TUE,102,241,643.67,1854,1739,2340.44,1783.22,1261.11,1017.67,1040.33,920.78,959.89,1041,1236.11,1135.56,1071.56,771.44,603.22,424.89,326.33
방배,WED,98.67,257.75,723.38,2042.88,1845,2538.13,1789.88,1462.13,1088.63,1085.75,997,952.63,1073.13,1272.88,1163.88,1080.5,821.88,616.5,438,336.88
방배,THU,93.56,250.25,675.25,1989.88,1830.25,2127.5,1628.75,1145.25,938.25,926.38,902.38,904.5,1067.5,1186.75,1098.38,954,767.38,573.75,445.88,328.88
방배,FRI,100.78,223.33,612.67,1663,1465.56,2016.11,1488.44,1053.44,861.11,910.11,873.56,868.11,1069.56,1141.89,1116.22,992.56,791.78,572.44,452.89,373.78
방배,SAT,59.78,117.89,165.33,436.11,516.44,677.78,834.22,773.67,808.78,835.44,746.44,711.56,702.67,688.44,622.78,586.78,499.67,419.78,387,246.78
방배,SUN,39,75.22,103.33,245.22,415.56,438.22,574.44,497.78,548.22,500.67,544.67,548.11,546.67,572,499.89,455.44,392.78,353.89,278.78,147.11
사당,MON,145.56,617,938.33,1850.78,1873.78,2220.56,1846.78,1624.78,1674.33,1649.44,1792.89,2049.89,2908.33,3844.33,3779.11,4166.44,3153.44,2135.22,1529.78,996.44
사당,TUE,154.89,641,1154.56,2111.44,2005.11,2284.44,1877.22,1647.22,1725.44,1679.67,1809.11,2211,3163,4493,4271,4416.11,3297.33,2309,1615.22,1213
사당,WED,140,638.38,1198.75,2256.75,2041.38,2329,1840.5,1591.75,1674.38,1709.13,1827.13,2275.25,3372.75,4937.88,4519.88,4547,3344.63,2300.25,1639.5,1366.38
사당,THU,128.67,619.25,1216.63,2144,1885.13,2063.5,1733.25,1603.5,1655.63,1646.5,1781.13,2151.88,3193.25,4637.25,4502.13,4375.5,3091.38,2317.25,1728.5,1373.88
사당,FRI,152.89,530.78,1011,1924.11,1770.33,2084.11,1693,1529.33,1642.67,1741.22,1902.67,2293.78,3429.56,5079.44,4880.56,5006.67,3613.56,2504.78,2048.11,1585.78
사당,SAT,137.11,953.44,714.56,1378.33,1282.44,1406.11,1912.78,2022.89,2291,2409.78,2332.44,2819.33,3129.78,3413.44,3150,2853.33,2361.11,2125,1956.44,1222.78
사당,SUN,76.33,652.11,479.44,877.67,1002.11,1062.44,1416.22,1537.44,1710.56,1717.56,1829.22,2011.56,2273.89,2339,2144.22,1992.67,1811.22,1566.44,1300.56,673.22
낙성대,MON,71.78,183.44,386.44,898,989,1410.67,1062.11,988.22,871.56,913.67,1064.22,1170.67,1628,2369.67,2467,2932.78,2560.78,1823.89,1354.22,914.89
낙성대,TUE,79,206.56,459.56,1034.11,1075.89,1404.78,1046.33,978.22,877.22,927.33,1039.44,1195.89,1745.11,2711.11,2831,2995.56,2656.44,1968.89,1441.67,1060.33
낙성대,WED,76.67,200.63,504.63,1133.38,1148.13,1488.63,1139.13,1018.25,867.38,945,1109.25,1257.38,1804.38,2996.75,3011.13,3002.75,2564.5,1985.5,1430.63,1138.13
낙성대,THU,71,196.88,485.25,1093,1067.25,1265.38,969.25,883.75,870,890.63,1018.75,1212.5,1672.5,2572.63,2857.75,2776.38,2365.88,1936.88,1409.38,1113.88
낙성대,FRI,79.44,177.11,453.89,1002.67,1008.78,1265.78,1032.33,876.11,888.56,918,1134.78,1278.44,1756.78,2583.78,2637,2752.33,2337,1870.44,1504.67,1195.22
낙성대,SAT,65.56,124.44,175.11,421.11,592,776.56,911.22,1037.78,1091.11,1243.11,1305.22,1410.56,1472.89,1621.67,1559.33,1529.89,1478,1403.67,1337.33,851
낙성대,SUN,57.44,142.33,180.67,366.44,567.67,734.67,875,926.11,963.78,992.22,1104.67,1214.56,1360.33,1369.22,1389.44,1404.67,1348.78,1287.11,1098.89,595.56
서울대입구,MON,96.56,247.56,559.67,1487,1680.89,2556.22,2062.44,1921.22,1697,1702.44,1954.56,2102.78,2821.78,4032.44,4080.78,4683.33,4095.78,2795.44,1954.67,1533.56
서울대입구,TUE,97.78,270.11,647.67,1726.22,1873.78,2609.11,2113.67,1904.78,1679.11,1711.44,1951.78,2171.56,3037.11,4535.33,4525,4870.11,4198.22,3017,2113.44,1600.11
서울대입구,WED,89.11,264.63,648.13,1868.13,1968.75,2773.38,2070.63,1961.38,1667.75,1775.5,1994.5,2316,3118.75,5065,4854.5,4875,4168.5,2971.13,2166.63,1749.75
서울대입구,THU,87,265,633.25,1779.88,1837.88,2363.88,1876,1729.25,1620.13,1609,1834.13,2143.75,2917.88,4405.63,4753.13,4503.38,3809.63,2965.25,2112,1723.25
서울대입구,FRI,98.33,232.89,594.89,1596,1685,2223.89,1929.22,1695.67,1657.33,1784.78,2056.56,2305,3050.56,4461.11,4621.89,4621.89,4022.44,2868.67,2399.44,1965.11
서울대입구,SAT,89.11,196.22,309.22,796,1039.44,1351.67,1616.78,1727.11,1909.33,1995.22,2187.22,2377.56,2487.56,2830.33,2727.44,2632.44,2441.22,2257,2107.33,1648.33
서울대입구,SUN,74.67,193.44,239.78,495.22,707.44,921.78,1050.56,1209.11,1439,1493.89,1797.89,1903.89,2168,2321.89,2275.33,2302.67,2132.78,1875.78,1679,1125
봉천,MON,56.78,130.67,253.78,567.67,618.67,816.11,771.44,695.67,764.78,834.22,1066.67,1137.78,1599.33,2217.22,2233.78,2504,2184.33,1493.11,1025.78,754.56
봉천,TUE,61,138.44,286.22,656.78,647.78,842.89,760.33,714.11,771.33,880.56,1056.78,1199.33,1716.11,2444.56,2557.33,2555.33,2257.33,1568.89,1123.56,806.67
봉천,WED,55,124.75,293.13,691.13,671.88,891.63,786.63,746,818,931.63,1143.13,1305.5,1808.5,2724.25,2652.5,2634.88,2205.88,1582.5,1130.63,904
봉천,THU,52.44,130.13,296,692,609.38,775.63,725.38,686.75,761.75,833.5,1004.13,1195.25,1668,2382.5,2570,2412.38,2048.25,1486.5,1143.88,860.88
봉천,FRI,60.89,121.22,263.89,625.44,602.33,782.89,726.33,697,794.89,878.67,1080.33,1186,1675.11,2351.67,2354.11,2305.22,2069.56,1454.33,1171.56,950.89
봉천,SAT,68.33,101.33,153.22,330.22,403.22,539.56,683.78,734.89,859.67,913.56,1005.11,1134,1268.44,1362.78,1305.67,1278.67,1130.67,1096.11,1038.56,628.33
봉천,SUN,44.56,109.33,111.33,244.78,305.67,428.67,480.78,583.44,632.22,688.89,825.22,955.67,1051.22,1124.89,1057,1073,1058.11,889.33,780.44,417.11
신림,MON,134.89,306,524.33,1006.22,1230.33,1416.89,1456,1347.11,1525.56,1632.44,1994.44,2485,3378.67,5111.56,5391.11,6145.22,5457,3768.67,2795.44,1874.78
신림,TUE,137.22,303.33,578.11,1118.89,1295.33,1443.33,1457.11,1360.22,1492.11,1595.78,2065.22,2535.56,3613.33,5657.89,5987.56,6157,5718.67,3997.89,3055.44,2110.33
신림,WED,133.89,299.63,626.38,1172.38,1347,1559.88,1546.38,1459.25,1619.13,1740.75,2277.13,2681.25,3811.5,6313.5,6191.88,6433.38,5538.38,4091.88,3043.25,2282.38
신림,THU,125.44,292.13,589.38,1183.25,1239.25,1414.38,1440.75,1383.75,1576.88,1681.38,2067.63,2480,3532,5474.38,6062.63,5745,5260.13,3863.63,2969.13,2264.38
신림,FRI,145.11,272.89,563.78,1111.44,1250.22,1422.78,1439.44,1342.11,1589.56,1738,2174.11,2510.22,3619.89,5674,5844,5977.78,5370.11,4107.22,3390.11,2534.67
신림,SAT,144.22,250.11,364.56,712.11,903.44,1171.89,1470.11,1746.78,1940.11,2224.22,2460.22,2852.78,3143.11,3508.56,3530.44,3499.67,3416,3322.89,3053.22,1872.11
신림,SUN,117.11,280.89,298.78,605.44,782.33,1026.56,1237.78,1434.56,1664.89,1777.33,2062.33,2328.89,2629.56,2928.56,2832.89,2947,2961.22,2522,2364.44,1093.78
신대방,MON,74.22,171.44,308.89,587.44,622.78,774,654.22,659.22,744,833,1114.78,1235.78,1777.67,2449.78,2550.33,2754.22,2647,1887.22,1390.44,959.89
신대방,TUE,75.33,182.56,348.44,663.11,653.56,788.44,646.89,669.78,721,859,1105.67,1282,1898.67,2540,2832.11,2877.67,2684.33,1982.67,1507,1065.11
신대방,WED,64.56,181.13,350.5,709.63,684.63,851.75,679.75,719.75,746,906.13,1196.38,1404.38,1975.75,2918.38,2949.63,2895.5,2703.38,2000.88,1523,1171.5
신대방,THU,69.89,181.25,353.25,691.88,625.5,731,643.25,636.25,730.63,831.75,1089.75,1292.75,1786.88,2550.5,2788,2630.38,2469.38,1957.25,1455,1150.13
신대방,FRI,76.78,158.67,329.33,645.11,632.56,775.56,640.44,685.56,777.11,890.22,1094.78,1299.56,1822.78,2473.89,2615.33,2553.44,2496.44,1932.44,1680.44,1226.78
신대방,SAT,80.67,133.89,191.11,405.22,401.89,599.89,624.67,746.22,884.56,975.44,1099.22,1319.33,1483.33,1622.33,1641,1608.56,1640.56,1538.56,1488.44,887.44
신대방,SUN,65.78,132.56,177.22,334,428.22,601.44,617.56,704.67,749.67,835.22,976.78,1110.56,1261.78,1371.67,1313.11,1340.11,1432.56,1224.78,1180.22,523.67
구로디지털단지,MON,177.67,350.22,1501.78,3969.78,4109.67,5785.78,3680.78,1875.22,1707.78,1699,2014,2169.33,2864.33,4089.89,4036,4575.22,3960.44,2758.11,1968.44,1377.67
구로디지털단지,TUE,195.89,392.44,1829.33,5068,4709.33,5820.11,3692,1923.22,1761.67,1772.56,2099.78,2309.67,3081.67,4390.56,4516.67,4641.78,3986.33,2946.56,2168.89,1547.67
구로디지털단지,WED,186.44,390.63,2027.13,5569.75,5100.25,6362.5,3825.75,2035.5,1825,1763.63,2152.5,2422.5,3269.13,4992.88,4799.25,4817.88,4083.88,2941.5,2222.38,1657.63
구로디지털단지,THU,167,388.13,1934.25,5468,4704.63,5148.75,3222.38,1787.63,1678.5,1675.13,2063,2308.63,3051.5,4521,4514.38,4370.88,3802.25,2851.63,2221.75,1671.13
구로디지털단지,FRI,176.44,334.89,1696,4768.11,4197.11,5551.44,3419.33,1867.67,1704.89,1729.11,2028.33,2422,3098.89,4540.89,4587.56,4636.22,4092.67,3038.67,2542.67,1910.67
구로디지털단지,SAT,150.56,208.22,380.78,810.44,986.78,1280,1338.11,1585.11,1799.22,1941.22,2158.11,2407.78,2699.22,2871.44,2886.56,2788.22,2630.89,2562.89,2283.56,1405.56
구로디지털단지,SUN,120.44,208,280.22,585.56,798.56,1039.44,1171.33,1275.78,1515.11,1535.22,1765.67,1907.56,2018.78,2193.22,2033.89,2114.67,2094.11,1873.44,1636.78,798.67
대림,MON,119.67,178.22,448.11,1039.78,1059.78,1600,1228.33,1093,1120,1076.56,1255.44,1433.78,1726.22,2006.89,1865.11,1952.33,1789.56,1398.33,1059.89,750.56
대림,TUE,116.22,198.44,511.78,1268.11,1133.22,1659.33,1246,1076.33,1088.56,1045.11,1251.44,1424.89,1798.33,2125.44,2047.67,1996.89,1819.11,1521.33,1135,823.56
대림,WED,110.89,191.63,526.75,1370.88,1190.25,1722.38,1287.13,1074.38,1136.63,1122,1368,1535.5,1904.38,2320.38,2031.38,2075.88,1824.25,1490.13,1203.88,884.5
대림,THU,102,194,520.38,1341.25,1105.13,1447.38,1140,1110.25,1128,1085.38,1244.88,1426,1774,2141.75,2047.88,1904.63,1757.5,1475,1157.13,868.13
대림,FRI,120.56,166.78,485.33,1209.89,1037.33,1576.89,1130.44,1018.33,1086.33,1034.33,1251.89,1444.33,1834.78,2110.22,2042.22,1913.11,1797.56,1493.44,1240.89,971.67
대림,SAT,116.67,126.67,231.44,495.67,615.67,835.78,988.44,1136.22,1309.22,1162.89,1215.78,1448.11,1567,1681.11,1565,1361.56,1359.56,1197.11,1165.78,739.44
대림,SUN,84.89,146.44,184.33,390.22,586.11,1073,1282.44,1308.11,1360.33,1243.33,1217,1257.33,1266.11,1212.78,1100.67,1077,1104.78,964.56,833.44,422.89
신도림,MON,165.44,357.56,818.56,2149.11,1996.44,3142.67,2280.22,1928.33,1974.89,1903.56,2145.22,2334.89,2955.78,4113.56,3905.22,4458.44,3433.78,2343.67,1855.33,1306.22
신도림,TUE,156.11,396.67,987.89,2572.56,2212.67,3187.22,2256.89,1868.44,1909.78,1864.22,2168.89,2405.33,3142.44,4564.33,4311.22,4597.89,3620.78,2524,1980.11,1480.89
신도림,WED,144.89,377.13,1067,2818.88,2341.88,3431.38,2320.63,1971.5,1949.25,1981.63,2273.38,2540.13,3441.25,5249.38,4739.25,4775.5,3640.63,2503.25,2001,1596
신도림,THU,144.33,374.38,1011.25,2782.75,2207.13,2887.13,2094.38,1938.5,1908.25,1826.5,2164.25,2412.75,3202.75,4904.63,4418.88,4461,3420.38,2507.5,2031.5,1600
신도림,FRI,161.78,316.22,912.67,2473,2052.33,3116.22,2127.22,1908.11,1929.44,1937.89,2244.89,2503.56,3344.78,4866.11,4546.22,4842.33,3630.89,2558.11,2268.11,1872.11
신도림,SAT,188.56,330.22,497.78,986.33,1111.33,2017.56,2224.33,2874.78,3114.67,3087,3354.67,3326.11,3542.89,3388.78,3060.67,2662.11,2324.67,1994,2120.44,1360.33
신도림,SUN,169.67,309.22,370,776.56,1033.56,1763.44,1876.67,2465.33,2419.67,2398.22,2475.11,2394.33,2487.22,2386.56,2068.22,1893.22,1704.11,1528.44,1439.67,768.33
문래,MON,82.78,181.11,676.67,2365.56,1794.33,3195.67,1626,822.78,769.89,754.67,833.22,837.33,1022.11,1401.11,1290.11,1457.78,1111.22,674.44,475.44,325.11
문래,TUE,83.22,215.56,802.56,2962,2101,3140.78,1676.33,809.56,762.78,773.33,816.44,859.67,1085.56,1587.56,1469.22,1553.78,1189.11,728.33,540.67,367.11
문래,WED,80.11,213,892.25,3293.38,2229.75,3481.75,1722.5,859.5,755.5,760.5,829.13,903.63,1174.75,1769.13,1627.63,1665.88,1212.75,745.13,529.63,389.75
문래,THU,76.89,217.75,847.13,3232,2082.75,2780.5,1476.75,778.5,744.25,743.5,785,864.88,1092.38,1669.13,1474.13,1464,1087.5,740.38,540.25,398
문래,FRI,81.11,185.33,770.22,2806.22,1939.44,3052.78,1556.33,806,732.22,757.22,845.33,915.33,1198.67,1739.11,1657.56,1735.44,1232.56,741.67,571.22,436.33
문래,SAT,61.44,115.67,181,400.89,484.56,682.78,857.56,908.22,1070.33,1127.56,1162.56,1306.44,1291.33,1221.67,1087.56,890.22,720.67,556.67,467,262.22
문래,SUN,41,93.11,101,229.67,315.56,495.11,589.44,724.78,797.67,788.67,807.89,788.22,865.67,806.44,695.11,561,474,381.67,314.33,153
영등포구청,MON,128.33,280.89,709.78,2271.44,1646,2976.89,1421.11,868.44,843.11,799.56,853.22,882.44,1080,1395.89,1284.22,1432.44,1040.67,691,530,348.33
영등포구청,TUE,130.11,303.89,897.33,2832.67,1833.44,2971.78,1425.11,866.11,861.33,825.22,885.44,917.22,1151.89,1580,1448.22,1531.11,1080.56,732,575.44,386
영등포구청,WED,122.67,305.5,983,3139.5,2006,3274.25,1460.13,872.63,858.75,837.13,901.25,954.5,1222.13,1759.5,1510.5,1549.75,1127,748.13,581.75,422.63
영등포구청,THU,115.56,287,938.25,3046.38,1831.13,2582,1269,834.38,806.5,786.25,847.25,931.38,1147.88,1649.25,1407.63,1406.88,1026.88,736.13,584,415.13
영등포구청,FRI,137.11,254.89,793.33,2716.44,1686.33,2895.44,1375.22,821.89,836.22,799.22,871.44,933.22,1149.33,1601.11,1452.11,1495.67,1091.67,710.33,615.89,481.78
영등포구청,SAT,139.67,204.78,214.78,447.22,516.67,724.56,804.22,945,988.56,1009.11,1012.44,1088.78,1079.11,1048,989.78,781.33,686.22,583,524.22,330.78
영등포구청,SUN,83,140,137.11,296,326.89,517.22,516.11,704.44,727,728.11,771.11,730.44,714.89,683,628.56,540.56,499.78,422.33,377.33,189.22
당산,MON,120.44,218.89,539.33,1489.11,1130.22,1903,958.22,631.89,625.67,655,793.44,922.22,1263.11,1741.44,1714.22,2015.44,1467.33,1020.67,818.56,494.67
당산,TUE,116.33,252.33,651.33,1860.22,1299.22,1936.89,979.22,668.44,661.89,699.67,806.89,981.56,1324,2083.22,1916.56,2066,1587.11,1107.44,878.22,585.33
당산,WED,111.56,252,730.75,2062,1386.25,2114.25,1023,667.5,659.13,689,856.5,976.38,1450.38,2260.5,2036.38,2080.38,1615.63,1135.13,887.63,633.5
당산,THU,103,252.25,694.63,2012.75,1297.63,1690.88,907.13,634.13,648.13,713,798.75,974,1371.75,2127.63,1802.5,1958.38,1476.25,1132.38,916.5,628.88
당산,FRI,110.33,223.67,630.89,1784.33,1219.89,1862.44,939.33,663,644.78,703.89,828.89,1012.56,1362.22,2040.67,1896,2061.56,1498.44,1109.78,956.44,707.56
당산,SAT,97.67,154.67,182,415.33,450.67,602.11,642.89,720.22,773.67,895.33,962.67,1076.44,1240.89,1275.89,1234.89,1081.56,945.78,873.56,799.33,507
당산,SUN,60.89,127.89,127.78,303.89,330.11,415.33,487.67,527.22,566.22,635.33,697.67,767.89,831.67,880.44,808.33,787,725.33,640.89,555,245.33
합정,MON,108.78,233.89,601.11,1827.67,2059.56,2802.67,2496.78,1648.67,1602.33,1472.67,1566.56,1598.33,1998.22,2524.89,2328.56,2418.89,1801.22,1157.11,857.89,528.33
합정,TUE,111.33,271.89,706.89,2269,2450.44,2887.22,2462.11,1601.67,1509.11,1440.22,1506.89,1570.78,2036.11,2790.56,2572.67,2619.78,1898.67,1180.78,896.56,604.89
합정,WED,103.11,266,772.88,2497,2492,3038.88,2461.63,1603.13,1483.13,1419.63,1576.5,1614.13,2108.75,3034.5,2829.13,2768.13,1968.75,1232,935.63,671.38
합정,THU,93.44,292.13,733.13,2446,2507.38,2601.25,2221,1528.63,1469,1406.13,1512.75,1636.13,2078.25,2994,2679.38,2662.25,1875.5,1247.88,972.25,683.75
합정,FRI,108,234.33,672.33,2148.22,2217.22,2775.78,2290.56,1619.67,1584.22,1561.67,1773.56,1901,2489.33,3683.33,3593.22,3468.44,2629.33,1621.22,1260.22,947.11
합정,SAT,107.56,170.56,305.22,579.33,962.78,1352.11,1903.78,2303.89,2749,2985.67,3054.56,3228.33,3422.56,3350.44,3090.33,2424.44,1904.56,1403.89,1201.22,743
합정,SUN,72,128.67,220.67,458.33,804.33,1203.22,1550.89,1919.78,2199,2196,2286.11,2204.11,2332.56,2081.56,1783.78,1459.89,1174.22,873.44,720.44,364.78
홍대입구,MON,133.22,319.56,761.11,2079.56,3095.22,3954.44,4850.56,4154,4226.44,4130.89,4321.44,4333,4684.56,5777.56,5179,5201.78,3720.56,2398.89,1768.22,1058.22
홍대입구,TUE,131.44,343.89,951.11,2617.89,3651.89,4144.44,4649.33,3673.67,3766.22,3698.67,3888.67,3884.78,4678,6017.89,5559.67,5309.11,3907.33,2504.22,1740,1159.33
홍대입구,WED,114.89,332.38,977.38,2797.13,3733.38,4261.13,4490.25,3563.13,3670,3582.88,3910.5,3990.75,4743,6309.75,5939.88,5574.5,4105.63,2489.75,1864.88,1307.75
홍대입구,THU,102,317.63,919.75,2757.38,3666.63,3749,4060.38,3481.5,3651.5,3665.38,4053.75,4089.75,5116.13,6540.5,6026.25,5518.25,4233.25,2779.25,2024,1501.5
홍대입구,FRI,123.33,300.44,847.11,2411,3197.33,3802,4020.78,3614.11,3890.89,4124,4616.11,5000.44,6006.56,7589.67,7573,7324.67,5907.22,3846.33,3064.78,2160
홍대입구,SAT,111.22,255.67,393.67,966.11,1765.56,2529.67,4260.33,5605.67,6873.56,7895.78,7884.11,8148.67,7988.78,7873.33,7173.89,5935.78,5006.56,4085.22,3085.78,2194.33
홍대입구,SUN,93.22,205.56,324.67,686,1298.22,2070.89,3620.44,4820.67,5885,6286.89,6357.67,6242.89,6003.44,5445,4744.22,3820.67,3092.22,2362.11,1914.67,1024.22
신촌,MON,110.33,290.33,728,1691.78,2349.56,3082.67,2927.56,2590,2228,2128.56,2036.44,2035.67,2262,2785.78,2708.89,2817.56,1971.33,1253.89,935.67,556.44
신촌,TUE,111.67,316.11,849.78,2207.56,2920.44,3227,3222.89,2452.78,2291.33,2127.11,2094.44,2057.78,2447.78,3387.33,3165.44,3073.89,2119.89,1304.11,1004.67,610
신촌,WED,102.11,321.88,902.25,2303.5,2943.63,3477.63,3188.63,2727.38,2379.25,2068.88,2254.63,2004.13,2458,3338.75,2885.63,3091.63,2122.63,1348.75,1015.75,721.13
신촌,THU,95.22,308.25,855.13,2226.75,2739.63,3014.88,2862.38,2307.5,2239.25,2035.5,2046.13,1944.63,2423.75,3307.38,2920.63,2910.75,2020,1341.5,1043.75,770.63
신촌,FRI,109.22,277.56,793.11,1949.44,2421.89,2885.78,2655.11,2320.33,2165.89,2175.56,2303.67,2183.33,2639.33,3475.78,3334.56,3341.33,2485.33,1678.78,1322.33,996.56
신촌,SAT,99.56,163.78,335.11,928,1647.67,1723,2378.67,2403.56,2791.78,2940.11,3049.22,2772.11,2786.78,2886.22,2792.89,2502.78,1933.11,1648.67,1298,834.33
신촌,SUN,74.56,130.78,232.11,511.44,913.11,1251.33,1597,1856.56,2028.44,2060.11,2092.33,2118.56,2144.22,2082.67,1862,1566.89,1419.56,1164.33,985,467.33
이대,MON,30,121.33,273.11,860.11,1183.22,1702.22,1712.56,1465.56,1076.67,1020.78,1034.78,872.33,997.56,1245.11,1207.44,1356.11,999.78,763,588.22,396.78
이대,TUE,28.11,128.56,341.78,1035,1415.89,1835.22,1632.78,1462.22,1125.44,1022.56,1111.67,916.33,1145.33,1430.56,1338.89,1407.22,1049.11,780.56,625.11,445.89
이대,WED,24.56,130.63,366.88,1155.38,1557.75,1820.88,1862.25,1437.25,1232.88,1054.63,1124.75,895,1156.38,1543.25,1393.5,1442.75,1038.38,792.25,627.75,486.38
이대,THU,29.67,131.5,351.5,1099,1462.25,1649,1550.5,1301.75,1116.63,958.5,1020,881,1106.5,1411.63,1260,1286.75,962.75,749.13,627,491.5
이대,FRI,30.89,109.11,308.89,912,1143.44,1530.22,1328.89,1246.56,1024.44,931.56,1029.56,934.89,1092.33,1413.11,1208.78,1305.44,984.11,823.67,706.33,578.22
이대,SAT,27.56,75.11,130.22,346.67,492.33,647.22,788.44,851.22,921,930.33,999.11,969.67,950.11,920.67,844.44,762.67,725.44,730,668.67,449.56
이대,SUN,26.89,62.33,103.67,231.22,308.78,486.56,524.22,642.44,616,658.44,708.33,717.89,739,747.33,702.22,643,640,636.67,586.44,302.22
아현,MON,26.78,93,223.78,433.78,450.78,564,440.22,425.78,419.11,461.44,489.67,554.56,678.67,888.33,834.78,957.78,742.22,524.22,405.33,277.22
아현,TUE,27.22,95.33,272.11,578.33,494.78,679.44,429.33,440.11,418.78,485.33,533.22,581.33,756.33,1046.33,959.78,989.44,803.22,555.33,440.11,304
아현,WED,28.67,98.5,300.88,613.88,538.88,730.38,492.63,456.75,423.13,474,548.25,601.25,760.75,1102.13,1008.5,1014.88,800.63,584.75,458.88,319.5
아현,THU,22.67,92.88,280.13,591.38,475,619.75,403.75,414.88,419.38,457,528.5,585.5,735.25,1022.5,902.63,868.25,734.38,552,439.75,334
아현,FRI,29.89,83.44,256.44,546.89,492.89,653.22,427.89,414.89,430,485.22,529.11,611.78,723.33,989,892.78,928.44,725.89,549.44,453.44,383.78
아현,SAT,21.22,58.11,110.78,268.33,289.89,327.78,378.56,407.78,404.67,454,513.78,555.67,584,593.56,591.33,534.11,483.89,452.44,394.67,253.56
아현,SUN,21,49.56,74.11,147.33,188.22,250.89,237.78,304.11,297.56,349.11,408.67,461,462.56,496.89,449,452.22,416.56,395.44,323.11,165.56
충정로,MON,36,126.89,420.89,1137.67,978.11,1534.44,755.67,414.11,386.44,381.78,377.56,402.33,486.67,566.89,541.11,584.11,472.44,343.67,257.44,176.11
충정로,TUE,37.78,136.78,531.44,1482.44,1113.67,1553.44,774.22,429.11,408.89,375.33,405.33,416.78,509.67,682,596.44,649.67,474.78,362.22,276.67,192.11
충정로,WED,32.89,143.88,592.75,1659.88,1192.13,1734.38,806.88,464.88,445.25,424.88,453.38,488.13,538.38,722.5,606.75,633.63,468.13,370.75,294,199.75
충정로,THU,32.56,145.13,566.38,1607.25,1067.88,1369,707.25,403.5,401.38,385.88,388.25,434.13,515.75,661,594.88,545.88,455.63,362,286.13,205
충정로,FRI,38.33,126,491.11,1428.44,981.78,1483.67,736.22,430.56,406.56,388.44,441.78,435.33,524.11,674.11,603.33,603,462.78,348.22,308.44,245.78
충정로,SAT,29.11,72.44,80.78,222.89,226.33,395.56,379.89,493.89,460.22,461.67,547.11,514,493.11,502.78,441.78,359.89,326.44,308.33,279.22,165.67
충정로,SUN,25.22,51,56,149.78,167.56,275.22,256.22,326.78,319.89,346.89,401.67,350.56,361.44,338.78,301.11,283.22,256.56,226.56,201.44,90.78